insert into Friends (FriendID, FriendWhoAdded, FriendBeingAdded, IsAccepted, DateAdded) values (1, 'Marietta Schukraft', 'Tamarra Ocklin', true, '9/22/2019');
insert into Friends (FriendID, FriendWhoAdded, FriendBeingAdded, IsAccepted, DateAdded) values (2, 'Coreen Verlander', 'Nari Nevinson', false, '8/21/2000');
insert into Friends (FriendID, FriendWhoAdded, FriendBeingAdded, IsAccepted, DateAdded) values (3, 'Angelico Headingham', 'Winnie Denness', false, '2/2/2004');
insert into Friends (FriendID, FriendWhoAdded, FriendBeingAdded, IsAccepted, DateAdded) values (4, 'Zack Archbald', 'Germana Gun', true, '2/15/2021');
insert into Friends (FriendID, FriendWhoAdded, FriendBeingAdded, IsAccepted, DateAdded) values (5, 'Ralina Champkins', 'Charisse Roddick', false, '7/23/2020');
insert into Friends (FriendID, FriendWhoAdded, FriendBeingAdded, IsAccepted, DateAdded) values (6, 'Weber Hukins', 'Mela Ramalhete', false, '11/24/2024');
insert into Friends (FriendID, FriendWhoAdded, FriendBeingAdded, IsAccepted, DateAdded) values (7, 'Minni Mucillo', 'Liva MacNab', true, '5/22/2021');
insert into Friends (FriendID, FriendWhoAdded, FriendBeingAdded, IsAccepted, DateAdded) values (8, 'Felizio Lyal', 'Justen Pirot', false, '1/6/2018');
insert into Friends (FriendID, FriendWhoAdded, FriendBeingAdded, IsAccepted, DateAdded) values (9, 'Lyndsie Corsan', 'Harlie McCuish', true, '11/10/2019');
insert into Friends (FriendID, FriendWhoAdded, FriendBeingAdded, IsAccepted, DateAdded) values (10, 'Guss Cunrado', 'Mable Lehrmann', false, '10/28/2015');
insert into Friends (FriendID, FriendWhoAdded, FriendBeingAdded, IsAccepted, DateAdded) values (11, 'Christyna Humm', 'Demetri Bavin', false, '3/22/2008');
insert into Friends (FriendID, FriendWhoAdded, FriendBeingAdded, IsAccepted, DateAdded) values (12, 'Milicent Reyna', 'Jacquetta Burlingame', true, '8/9/2008');
insert into Friends (FriendID, FriendWhoAdded, FriendBeingAdded, IsAccepted, DateAdded) values (13, 'Koressa Stocky', 'Berenice Unger', true, '11/2/2002');
insert into Friends (FriendID, FriendWhoAdded, FriendBeingAdded, IsAccepted, DateAdded) values (14, 'Robert Fernley', 'Latia Searchwell', false, '6/3/2021');
insert into Friends (FriendID, FriendWhoAdded, FriendBeingAdded, IsAccepted, DateAdded) values (15, 'Manon Milan', 'Nicoline Braven', true, '6/21/2001');
insert into Friends (FriendID, FriendWhoAdded, FriendBeingAdded, IsAccepted, DateAdded) values (16, 'Leelah Gartrell', 'Moselle Turl', true, '4/16/2001');
insert into Friends (FriendID, FriendWhoAdded, FriendBeingAdded, IsAccepted, DateAdded) values (17, 'Mikael Ritchie', 'Arline Daviddi', false, '3/26/2022');
insert into Friends (FriendID, FriendWhoAdded, FriendBeingAdded, IsAccepted, DateAdded) values (18, 'Gar Hazelden', 'Chrystel Rathke', false, '1/18/2016');
insert into Friends (FriendID, FriendWhoAdded, FriendBeingAdded, IsAccepted, DateAdded) values (19, 'Moises Leversha', 'Evvy Meader', true, '7/2/2007');
insert into Friends (FriendID, FriendWhoAdded, FriendBeingAdded, IsAccepted, DateAdded) values (20, 'Dionisio Ridd', 'Shana Grombridge', true, '2/19/2000');


insert into GroupMembershipRequests (GroupMemberShipRequestsID, GroupID, GroupMemberUserID, IsGroupMemberShipAccepted, DateAccepted) values (1, 1, 34, false, '6/26/2012');
insert into GroupMembershipRequests (GroupMemberShipRequestsID, GroupID, GroupMemberUserID, IsGroupMemberShipAccepted, DateAccepted) values (2, 2, 25, true, '8/21/2011');
insert into GroupMembershipRequests (GroupMemberShipRequestsID, GroupID, GroupMemberUserID, IsGroupMemberShipAccepted, DateAccepted) values (3, 3, 2, false, '10/15/2016');
insert into GroupMembershipRequests (GroupMemberShipRequestsID, GroupID, GroupMemberUserID, IsGroupMemberShipAccepted, DateAccepted) values (4, 4, 23, true, '8/30/2012');
insert into GroupMembershipRequests (GroupMemberShipRequestsID, GroupID, GroupMemberUserID, IsGroupMemberShipAccepted, DateAccepted) values (5, 5, 59, true, '12/16/2016');
insert into GroupMembershipRequests (GroupMemberShipRequestsID, GroupID, GroupMemberUserID, IsGroupMemberShipAccepted, DateAccepted) values (6, 6, 40, true, '4/10/2012');
insert into GroupMembershipRequests (GroupMemberShipRequestsID, GroupID, GroupMemberUserID, IsGroupMemberShipAccepted, DateAccepted) values (7, 7, 86, false, '7/16/2014');
insert into GroupMembershipRequests (GroupMemberShipRequestsID, GroupID, GroupMemberUserID, IsGroupMemberShipAccepted, DateAccepted) values (8, 8, 68, false, '3/18/2001');
insert into GroupMembershipRequests (GroupMemberShipRequestsID, GroupID, GroupMemberUserID, IsGroupMemberShipAccepted, DateAccepted) values (9, 9, 20, true, '3/12/2008');
insert into GroupMembershipRequests (GroupMemberShipRequestsID, GroupID, GroupMemberUserID, IsGroupMemberShipAccepted, DateAccepted) values (10, 10, 33, true, '12/16/2009');
insert into GroupMembershipRequests (GroupMemberShipRequestsID, GroupID, GroupMemberUserID, IsGroupMemberShipAccepted, DateAccepted) values (11, 11, 62, false, '9/30/2000');
insert into GroupMembershipRequests (GroupMemberShipRequestsID, GroupID, GroupMemberUserID, IsGroupMemberShipAccepted, DateAccepted) values (12, 12, 96, false, '6/30/2002');
insert into GroupMembershipRequests (GroupMemberShipRequestsID, GroupID, GroupMemberUserID, IsGroupMemberShipAccepted, DateAccepted) values (13, 13, 67, true, '9/18/1999');
insert into GroupMembershipRequests (GroupMemberShipRequestsID, GroupID, GroupMemberUserID, IsGroupMemberShipAccepted, DateAccepted) values (14, 14, 78, false, '7/13/2008');
insert into GroupMembershipRequests (GroupMemberShipRequestsID, GroupID, GroupMemberUserID, IsGroupMemberShipAccepted, DateAccepted) values (15, 15, 95, false, '9/23/2012');
insert into GroupMembershipRequests (GroupMemberShipRequestsID, GroupID, GroupMemberUserID, IsGroupMemberShipAccepted, DateAccepted) values (16, 16, 79, true, '12/8/2002');
insert into GroupMembershipRequests (GroupMemberShipRequestsID, GroupID, GroupMemberUserID, IsGroupMemberShipAccepted, DateAccepted) values (17, 17, 86, true, '9/4/2018');
insert into GroupMembershipRequests (GroupMemberShipRequestsID, GroupID, GroupMemberUserID, IsGroupMemberShipAccepted, DateAccepted) values (18, 18, 17, false, '4/2/2012');
insert into GroupMembershipRequests (GroupMemberShipRequestsID, GroupID, GroupMemberUserID, IsGroupMemberShipAccepted, DateAccepted) values (19, 19, 96, false, '12/9/2009');
insert into GroupMembershipRequests (GroupMemberShipRequestsID, GroupID, GroupMemberUserID, IsGroupMemberShipAccepted, DateAccepted) values (20, 20, 13, false, '10/28/2003');


insert into Groups (GroupID, GroupName, CreatedBy, DateAdded) values (1, 'Dibbert LLC', 'Dion Fontel', '1/20/2006');
insert into Groups (GroupID, GroupName, CreatedBy, DateAdded) values (2, 'Tillman LLC', 'Francine Hauxley', '6/30/2005');
insert into Groups (GroupID, GroupName, CreatedBy, DateAdded) values (3, 'Klein, Kuhlman and Bins', 'Myra Castagnier', '6/13/2022');
insert into Groups (GroupID, GroupName, CreatedBy, DateAdded) values (4, 'Windler, Johnson and Price', 'Marlo Tawton', '10/24/1999');
insert into Groups (GroupID, GroupName, CreatedBy, DateAdded) values (5, 'Morissette-Romaguera', 'Goran Wintour', '7/28/2011');
insert into Groups (GroupID, GroupName, CreatedBy, DateAdded) values (6, 'Hayes, Armstrong and Stoltenberg', 'Earlie Lismore', '3/18/2015');
insert into Groups (GroupID, GroupName, CreatedBy, DateAdded) values (7, 'Herzog, Casper and Schamberger', 'Meriel Weatherup', '8/17/2004');
insert into Groups (GroupID, GroupName, CreatedBy, DateAdded) values (8, 'Green, Kessler and Mohr', 'Alvie Shackleton', '9/22/2001');
insert into Groups (GroupID, GroupName, CreatedBy, DateAdded) values (9, 'Padberg, Ernser and Schiller', 'Marcos Wassell', '3/30/2010');
insert into Groups (GroupID, GroupName, CreatedBy, DateAdded) values (10, 'Hamill-Schumm', 'Kristoforo MacDearmont', '7/27/2002');
insert into Groups (GroupID, GroupName, CreatedBy, DateAdded) values (11, 'Mann-Volkman', 'Alberta Johanchon', '5/27/2008');
insert into Groups (GroupID, GroupName, CreatedBy, DateAdded) values (12, 'Hane and Sons', 'Hewet Skeemor', '7/11/2022');
insert into Groups (GroupID, GroupName, CreatedBy, DateAdded) values (13, 'West Inc', 'Wilma Gout', '6/23/2006');
insert into Groups (GroupID, GroupName, CreatedBy, DateAdded) values (14, 'Ferry, Carter and Keeling', 'Vonnie Frayne', '1/1/2007');
insert into Groups (GroupID, GroupName, CreatedBy, DateAdded) values (15, 'Osinski, Hane and Bechtelar', 'Franny Doulton', '4/5/2003');
insert into Groups (GroupID, GroupName, CreatedBy, DateAdded) values (16, 'Nolan-Rice', 'Celisse Hurles', '1/12/2003');
insert into Groups (GroupID, GroupName, CreatedBy, DateAdded) values (17, 'Kovacek, Ritchie and Champlin', 'Jayson Archdeckne', '10/1/2005');
insert into Groups (GroupID, GroupName, CreatedBy, DateAdded) values (18, 'Howell-Schoen', 'Anabal Batteson', '4/8/2012');
insert into Groups (GroupID, GroupName, CreatedBy, DateAdded) values (19, 'Pouros LLC', 'Lynde Rosenthaler', '12/11/2013');
insert into Groups (GroupID, GroupName, CreatedBy, DateAdded) values (20, 'Muller, Armstrong and Thiel', 'Evangeline Trenfield', '9/1/2015');


insert into Posts (PostID, PostDescription, PostedBy, IsPublic, IsOnlyForFriends, GroupID, DatePosted) values (1, 'Duis bibendum. Morbi non quam nec dui luctus rutrum. Nulla tellus. In sagittis dui vel nisl. Duis ac nibh. Fusce lacus purus, aliquet at, feugiat non, pretium quis, lectus. Suspendisse potenti. In eleifend quam a odio. In hac habitasse platea dictumst. Maecenas ut massa quis augue luctus tincidunt.', 'Chastity Headly', false, false, 1, '6/19/2022');
insert into Posts (PostID, PostDescription, PostedBy, IsPublic, IsOnlyForFriends, GroupID, DatePosted) values (2, 'Vivamus in felis eu sapien cursus vestibulum. Proin eu mi. Nulla ac enim.', 'Miner Hanbury-Brown', true, false, 2, '12/31/2010');
insert into Posts (PostID, PostDescription, PostedBy, IsPublic, IsOnlyForFriends, GroupID, DatePosted) values (3, 'Curabitur gravida nisi at nibh.', 'Bailey Landall', true, false, 3, '10/25/2005');
insert into Posts (PostID, PostDescription, PostedBy, IsPublic, IsOnlyForFriends, GroupID, DatePosted) values (4, 'Fusce lacus purus, aliquet at, feugiat non, pretium quis, lectus. Suspendisse potenti. In eleifend quam a odio. In hac habitasse platea dictumst. Maecenas ut massa quis augue luctus tincidunt. Nulla mollis molestie lorem. Quisque ut erat. Curabitur gravida nisi at nibh. In hac habitasse platea dictumst. Aliquam augue quam, sollicitudin vitae, consectetuer eget, rutrum at, lorem.', 'Birgit Vassbender', false, false, 4, '11/21/2005');
insert into Posts (PostID, PostDescription, PostedBy, IsPublic, IsOnlyForFriends, GroupID, DatePosted) values (5, 'Morbi odio odio, elementum eu, interdum eu, tincidunt in, leo. Maecenas pulvinar lobortis est. Phasellus sit amet erat. Nulla tempus. Vivamus in felis eu sapien cursus vestibulum. Proin eu mi. Nulla ac enim. In tempor, turpis nec euismod scelerisque, quam turpis adipiscing lorem, vitae mattis nibh ligula nec sem.', 'Jenna Wanell', false, false, 5, '4/25/2021');
insert into Posts (PostID, PostDescription, PostedBy, IsPublic, IsOnlyForFriends, GroupID, DatePosted) values (6, 'Suspendisse potenti. Cras in purus eu magna vulputate luctus.', 'Dalli Cuseick', false, false, 6, '12/30/2008');
insert into Posts (PostID, PostDescription, PostedBy, IsPublic, IsOnlyForFriends, GroupID, DatePosted) values (7, 'Praesent id massa id nisl venenatis lacinia. Aenean sit amet justo. Morbi ut odio. Cras mi pede, malesuada in, imperdiet et, commodo vulputate, justo.', 'Alisander Roddam', true, true, 7, '8/1/2015');
insert into Posts (PostID, PostDescription, PostedBy, IsPublic, IsOnlyForFriends, GroupID, DatePosted) values (8, 'Donec quis orci eget orci vehicula condimentum. Curabitur in libero ut massa volutpat convallis. Morbi odio odio, elementum eu, interdum eu, tincidunt in, leo. Maecenas pulvinar lobortis est. Phasellus sit amet erat. Nulla tempus. Vivamus in felis eu sapien cursus vestibulum. Proin eu mi.', 'Allyn Biesty', false, true, 8, '11/16/2001');
insert into Posts (PostID, PostDescription, PostedBy, IsPublic, IsOnlyForFriends, GroupID, DatePosted) values (9, 'Aenean fermentum. Donec ut mauris eget massa tempor convallis. Nulla neque libero, convallis eget, eleifend luctus, ultricies eu, nibh. Quisque id justo sit amet sapien dignissim vestibulum. Vestibulum ante ipsum primis in faucibus orci luctus et ultrices posuere cubilia Curae; Nulla dapibus dolor vel est. Donec odio justo, sollicitudin ut, suscipit a, feugiat et, eros. Vestibulum ac est lacinia nisi venenatis tristique. Fusce congue, diam id ornare imperdiet, sapien urna pretium nisl, ut volutpat sapien arcu sed augue. Aliquam erat volutpat. In congue.', 'Aurore Scotchmur', true, true, 9, '2/9/2017');
insert into Posts (PostID, PostDescription, PostedBy, IsPublic, IsOnlyForFriends, GroupID, DatePosted) values (10, 'Sed accumsan felis. Ut at dolor quis odio consequat varius.', 'Cherilynn Dudson', false, false, 10, '9/24/2017');
insert into Posts (PostID, PostDescription, PostedBy, IsPublic, IsOnlyForFriends, GroupID, DatePosted) values (11, 'Proin eu mi. Nulla ac enim. In tempor, turpis nec euismod scelerisque, quam turpis adipiscing lorem, vitae mattis nibh ligula nec sem. Duis aliquam convallis nunc. Proin at turpis a pede posuere nonummy. Integer non velit.', 'Baudoin Stempe', false, true, 11, '4/12/2011');
insert into Posts (PostID, PostDescription, PostedBy, IsPublic, IsOnlyForFriends, GroupID, DatePosted) values (12, 'Pellentesque eget nunc. Donec quis orci eget orci vehicula condimentum. Curabitur in libero ut massa volutpat convallis.', 'Kerry Langstone', true, false, 12, '11/9/2003');
insert into Posts (PostID, PostDescription, PostedBy, IsPublic, IsOnlyForFriends, GroupID, DatePosted) values (13, 'Fusce congue, diam id ornare imperdiet, sapien urna pretium nisl, ut volutpat sapien arcu sed augue.', 'Therese Dyster', false, true, 13, '5/5/2014');
insert into Posts (PostID, PostDescription, PostedBy, IsPublic, IsOnlyForFriends, GroupID, DatePosted) values (14, 'Integer ac neque. Duis bibendum. Morbi non quam nec dui luctus rutrum. Nulla tellus. In sagittis dui vel nisl. Duis ac nibh. Fusce lacus purus, aliquet at, feugiat non, pretium quis, lectus. Suspendisse potenti. In eleifend quam a odio.', 'Eugene Roggero', false, false, 14, '11/8/2000');
insert into Posts (PostID, PostDescription, PostedBy, IsPublic, IsOnlyForFriends, GroupID, DatePosted) values (15, 'In eleifend quam a odio. In hac habitasse platea dictumst. Maecenas ut massa quis augue luctus tincidunt. Nulla mollis molestie lorem. Quisque ut erat. Curabitur gravida nisi at nibh. In hac habitasse platea dictumst. Aliquam augue quam, sollicitudin vitae, consectetuer eget, rutrum at, lorem. Integer tincidunt ante vel ipsum. Praesent blandit lacinia erat.', 'Timothea Bendik', true, false, 15, '12/20/2018');
insert into Posts (PostID, PostDescription, PostedBy, IsPublic, IsOnlyForFriends, GroupID, DatePosted) values (16, 'Lorem ipsum dolor sit amet, consectetuer adipiscing elit. Proin interdum mauris non ligula pellentesque ultrices.', 'Harland Billitteri', false, false, 16, '10/15/2010');
insert into Posts (PostID, PostDescription, PostedBy, IsPublic, IsOnlyForFriends, GroupID, DatePosted) values (17, 'Curabitur in libero ut massa volutpat convallis. Morbi odio odio, elementum eu, interdum eu, tincidunt in, leo. Maecenas pulvinar lobortis est. Phasellus sit amet erat. Nulla tempus. Vivamus in felis eu sapien cursus vestibulum.', 'Lyman Elphey', false, true, 17, '11/24/2001');
insert into Posts (PostID, PostDescription, PostedBy, IsPublic, IsOnlyForFriends, GroupID, DatePosted) values (18, 'Nullam varius.', 'Roslyn Dayly', true, false, 18, '1/15/2018');
insert into Posts (PostID, PostDescription, PostedBy, IsPublic, IsOnlyForFriends, GroupID, DatePosted) values (19, 'Lorem ipsum dolor sit amet, consectetuer adipiscing elit. Proin risus. Praesent lectus. Vestibulum quam sapien, varius ut, blandit non, interdum in, ante.', 'Annmarie Letty', false, false, 19, '2/8/2002');
insert into Posts (PostID, PostDescription, PostedBy, IsPublic, IsOnlyForFriends, GroupID, DatePosted) values (20, 'Aliquam augue quam, sollicitudin vitae, consectetuer eget, rutrum at, lorem. Integer tincidunt ante vel ipsum. Praesent blandit lacinia erat. Vestibulum sed magna at nunc commodo placerat. Praesent blandit. Nam nulla. Integer pede justo, lacinia eget, tincidunt eget, tempus vel, pede. Morbi porttitor lorem id ligula. Suspendisse ornare consequat lectus. In est risus, auctor sed, tristique in, tempus sit amet, sem.', 'Wylie Hanwell', false, false, 20, '11/19/2015');


insert into Users (UserID, Username, FirstName, LastName, DateOfBirth, Password, DateAdded) values (1, 'hassinder0', 'Hannah', 'Assinder', '8/6/2001', 'uU4_Zxz+!lz$/`', '7/5/2021');
insert into Users (UserID, Username, FirstName, LastName, DateOfBirth, Password, DateAdded) values (2, 'nmcgirr1', 'Nettie', 'McGirr', '4/21/2003', 'jU1=#j*"(i8P', '6/11/2004');
insert into Users (UserID, Username, FirstName, LastName, DateOfBirth, Password, DateAdded) values (3, 'ekidgell2', 'Ervin', 'Kidgell', '12/11/2014', 'tO7\7I2a', '6/26/2023');
insert into Users (UserID, Username, FirstName, LastName, DateOfBirth, Password, DateAdded) values (4, 'ddibbs3', 'Dalston', 'Dibbs', '5/17/2002', 'nF6)ouHGyx$#!', '11/17/2008');
insert into Users (UserID, Username, FirstName, LastName, DateOfBirth, Password, DateAdded) values (5, 'smcdavitt4', 'Sergei', 'McDavitt', '1/27/2019', 'eG5!6x~ve#', '8/26/2024');
insert into Users (UserID, Username, FirstName, LastName, DateOfBirth, Password, DateAdded) values (6, 'hmager5', 'Hughie', 'Mager', '11/23/2021', 'nQ0"X`|f', '5/12/2002');
insert into Users (UserID, Username, FirstName, LastName, DateOfBirth, Password, DateAdded) values (7, 'nbidgod6', 'Napoleon', 'Bidgod', '1/4/2012', 'gK3@<HtqNsG9rhK', '7/21/2000');
insert into Users (UserID, Username, FirstName, LastName, DateOfBirth, Password, DateAdded) values (8, 'ararity7', 'Ardeen', 'Rarity', '12/14/2021', 'tR7&m+3PlasgiXH', '6/3/2012');
insert into Users (UserID, Username, FirstName, LastName, DateOfBirth, Password, DateAdded) values (9, 'ycoushe8', 'Yancy', 'Coushe', '3/10/2023', 'kS9/\fOur?=30fF', '8/25/2022');
insert into Users (UserID, Username, FirstName, LastName, DateOfBirth, Password, DateAdded) values (10, 'osteptoe9', 'Odette', 'Steptoe', '10/26/2003', 'qF7`Sa`,eDThIs*', '6/25/2021');
insert into Users (UserID, Username, FirstName, LastName, DateOfBirth, Password, DateAdded) values (11, 'ehartupa', 'Esta', 'Hartup', '11/18/2005', 'bE9"fi)>', '1/13/2006');
insert into Users (UserID, Username, FirstName, LastName, DateOfBirth, Password, DateAdded) values (12, 'cchurchmanb', 'Coleman', 'Churchman', '11/15/2014', 'bV9#jWv.', '11/5/2013');
insert into Users (UserID, Username, FirstName, LastName, DateOfBirth, Password, DateAdded) values (13, 'bbranwhitec', 'Bette', 'Branwhite', '4/13/2016', 'pA0!yBApN', '10/28/2024');
insert into Users (UserID, Username, FirstName, LastName, DateOfBirth, Password, DateAdded) values (14, 'kcolbyd', 'Kele', 'Colby', '7/15/2017', 'uS0\|SBdw', '6/23/2019');
insert into Users (UserID, Username, FirstName, LastName, DateOfBirth, Password, DateAdded) values (15, 'dyoungere', 'Dorelle', 'Younger', '11/11/2020', 'oP4%y~k/RxH', '6/17/2011');
insert into Users (UserID, Username, FirstName, LastName, DateOfBirth, Password, DateAdded) values (16, 'jrancef', 'Joey', 'Rance', '2/25/2003', 'zD2_m*MDJ!&~9nO', '12/4/2009');
insert into Users (UserID, Username, FirstName, LastName, DateOfBirth, Password, DateAdded) values (17, 'hjoang', 'Hagan', 'Joan', '11/17/2006', 'oC0|)y''2', '11/26/2003');
insert into Users (UserID, Username, FirstName, LastName, DateOfBirth, Password, DateAdded) values (18, 'wdumpletonh', 'Westbrook', 'Dumpleton', '9/25/2019', 'nT9_OmyX', '5/5/2019');
insert into Users (UserID, Username, FirstName, LastName, DateOfBirth, Password, DateAdded) values (19, 'btullisi', 'Bridget', 'Tullis', '1/26/2008', 'gX2|voCncysTi/H', '11/4/2003');
insert into Users (UserID, Username, FirstName, LastName, DateOfBirth, Password, DateAdded) values (20, 'lavramovichj', 'Lars', 'Avramovich', '1/8/2013', 'qA1>\m=X~Vl*sD', '7/6/2002');


